smiles,target_chembl_id,assay_type,pchembl_value,target_name,split,y_true,y_pred,resid,abs_err,bin
NCCc1c[nH]c2ccc(OCCOCCOCCS)cc12,CHEMBL228,B,4.0,Sodium-dependent serotonin transporter,test,4.0,8.9665575,-4.9665575,4.9665575,
CN(C)Cc1cc(OCCF)ccc1Sc1ccc(Cl)cc1N,CHEMBL228,B,10.52,Sodium-dependent serotonin transporter,test,10.52,6.2504516,4.2695484,4.2695484,"(10.5, 11.0]"
C=C(C)c1ccc([C@H]2CC3CCC(N3)[C@H]2C(=O)CC)cc1,CHEMBL228,B,9.8,Sodium-dependent serotonin transporter,test,9.8,5.735934,4.064066,4.064066,"(9.5, 10.0]"
COCCCC/C(=N\OCCN)c1ccc(C(F)(F)F)cc1,CHEMBL238,B,8.84,Sodium-dependent dopamine transporter,test,8.84,4.7874827,4.0525173,4.0525173,"(8.5, 9.0]"
C#CCSc1cc(OC)c(CCN)cc1OC,CHEMBL224,F,9.175,5-hydroxytryptamine receptor 2A,test,9.175,5.2240243,3.9509757000000008,3.9509757000000008,"(9.0, 9.5]"
COCOc1ccc2c(c1OCOC)-c1cccc3c1[C@@H](C2)N(C)CC3,CHEMBL217,B,9.51,D(2) dopamine receptor,test,9.51,5.577191,3.9328089999999998,3.9328089999999998,"(9.5, 10.0]"
COC(=O)C1C2CCC(CC1c1ccc(C=C(Br)Br)cc1)N2,CHEMBL228,B,10.1,Sodium-dependent serotonin transporter,test,10.1,6.177664,3.9223359999999996,3.9223359999999996,"(10.0, 10.5]"
COc1cc(C(F)(F)F)c(OC)cc1CCN,CHEMBL224,F,9.14,5-hydroxytryptamine receptor 2A,test,9.14,5.397424,3.7425760000000006,3.7425760000000006,"(9.0, 9.5]"
CN(C)Cc1cc(OCCF)ccc1Sc1ccc(Br)cc1N,CHEMBL228,B,10.3,Sodium-dependent serotonin transporter,test,10.3,6.6834016,3.616598400000001,3.616598400000001,"(10.0, 10.5]"
CN(C)Cc1cc(I)ccc1Sc1ccccc1CO,CHEMBL228,B,10.52,Sodium-dependent serotonin transporter,test,10.52,6.9094176,3.6105823999999993,3.6105823999999993,"(10.5, 11.0]"
CN(C)Cc1cc(OCCF)ccc1Sc1ccc(F)cc1N,CHEMBL228,B,10.0,Sodium-dependent serotonin transporter,test,10.0,6.5096188,3.4903812,3.4903812,"(9.5, 10.0]"
O=C(OCCF)[C@H]1[C@@H](c2ccc(/C=C\I)cc2)C[C@H]2CC[C@H]1N2,CHEMBL228,B,10.1,Sodium-dependent serotonin transporter,test,10.1,6.688829,3.4111709999999995,3.4111709999999995,"(10.0, 10.5]"
O=C(OCCF)C1C2CCC(CC1c1ccc(/C=C\I)cc1)N2,CHEMBL228,B,10.1,Sodium-dependent serotonin transporter,test,10.1,6.688829,3.4111709999999995,3.4111709999999995,"(10.0, 10.5]"
NC(=O)C[S@@+]([O-])C(c1ccccc1)c1ccccc1,CHEMBL217,B,8.68,D(2) dopamine receptor,test,8.68,5.2926946,3.3873054,3.3873054,"(8.5, 9.0]"
CN(C)Cc1ccccc1Sc1ccc(I)cc1N,CHEMBL228,B,10.89,Sodium-dependent serotonin transporter,test,10.89,7.569044,3.3209560000000007,3.3209560000000007,"(10.5, 11.0]"
CCCN1CCc2cccc3c2[C@H]1Cc1ccc(OC(C)=O)c(OC(C)=O)c1-3,CHEMBL217,F,9.43,D(2) dopamine receptor,test,9.43,6.1183624,3.3116376,3.3116376,"(9.0, 9.5]"
CCN(CCN1CCC(c2noc3cc(F)ccc23)CC1)S(=O)(=O)C(C)CO,CHEMBL224,B,6.53,5-hydroxytryptamine receptor 2A,test,6.53,9.788949,-3.2589490000000003,3.2589490000000003,"(6.5, 7.0]"
CN(C)Cc1cc(OCCF)ccc1Sc1ccccc1N,CHEMBL228,B,9.6,Sodium-dependent serotonin transporter,test,9.6,6.3442893,3.2557107,3.2557107,"(9.5, 10.0]"
CCCN1CCC2c3cc(O)ccc3CCC21,CHEMBL228,B,4.86,Sodium-dependent serotonin transporter,test,4.86,8.093246,-3.2332460000000003,3.2332460000000003,"(4.5, 5.0]"
CN(C)Cc1ccccc1Sc1ccc(I)cc1CO,CHEMBL228,B,10.01,Sodium-dependent serotonin transporter,test,10.01,6.826898,3.183102,3.183102,"(10.0, 10.5]"
CNC[C@@H](c1ccc2ccccc2c1)[C@@H](OCC(N)=O)c1ccccc1,CHEMBL228,B,6.1,Sodium-dependent serotonin transporter,test,6.1,9.224782,-3.1247819999999997,3.1247819999999997,"(6.0, 6.5]"
COC(=O)C1C2CCC(CC1c1ccc(/C=C\I)cc1)N2,CHEMBL228,B,10.4,Sodium-dependent serotonin transporter,test,10.4,7.2875886,3.1124114,3.1124114,"(10.0, 10.5]"
COc1cc([C@H]2CCCNC2)c(OC)cc1Br,CHEMBL224,B,5.7,5-hydroxytryptamine receptor 2A,test,5.7,8.798696,-3.0986959999999995,3.0986959999999995,"(5.5, 6.0]"
COc1ccc(CCc2ccccc2OC[C@@H](CN(C)C)OC(=O)CCC(=O)O)cc1,CHEMBL224,B,8.26,5-hydroxytryptamine receptor 2A,test,8.26,5.1751857,3.0848142999999997,3.0848142999999997,"(8.0, 8.5]"
COc1ccc(C2NCCc3c2[nH]c2ccc(O)cc32)c(O)c1,CHEMBL224,F,9.305,5-hydroxytryptamine receptor 2A,test,9.305,6.2327676,3.0722324,3.0722324,"(9.0, 9.5]"
CN(C)Cc1ccccc1Sc1ccc(CF)cc1N,CHEMBL228,B,8.98,Sodium-dependent serotonin transporter,test,8.98,5.9281683,3.0518317,3.0518317,"(8.5, 9.0]"
CCCN1CCc2cccc3c2[C@H]1Cc1ccc(O)c(O)c1-3,CHEMBL217,F,10.4,D(2) dopamine receptor,test,10.4,7.3682957,3.0317043000000004,3.0317043000000004,"(10.0, 10.5]"
CN(C)Cc1cc(OCCCF)ccc1Sc1ccc(Br)cc1N,CHEMBL228,B,9.82,Sodium-dependent serotonin transporter,test,9.82,6.7936244,3.0263756000000006,3.0263756000000006,"(9.5, 10.0]"
COC(=O)[C@@H]1C2CCC(C[C@@H]1c1ccc(/C=C\I)cc1)N2,CHEMBL228,B,10.3,Sodium-dependent serotonin transporter,test,10.3,7.2875886,3.0124114000000004,3.0124114000000004,"(10.0, 10.5]"
CN(C)Cc1ccccc1Oc1ccc(I)cc1CO,CHEMBL228,B,9.92,Sodium-dependent serotonin transporter,test,9.92,6.9110427,3.0089572999999996,3.0089572999999996,"(9.5, 10.0]"
C#CCCCSc1cc(OC)c(CCN)cc1OC,CHEMBL224,F,8.719999999999999,5-hydroxytryptamine receptor 2A,test,8.72,5.721637,2.9983630000000003,2.9983630000000003,"(8.5, 9.0]"
C=Cc1ccc([C@H]2CC3CCC(N3)[C@H]2C(=O)CC)cc1,CHEMBL228,B,9.49,Sodium-dependent serotonin transporter,test,9.49,6.503754,2.9862460000000004,2.9862460000000004,"(9.0, 9.5]"
COc1ccc(CCc2ccccc2OCC(CN(C)C)OC(=O)CCC(=O)O)cc1,CHEMBL224,B,8.16,5-hydroxytryptamine receptor 2A,test,8.16,5.1751857,2.9848143,2.9848143,"(8.0, 8.5]"
COc1cc(OC)c(C2NCCc3c2[nH]c2ccc(Cl)cc32)cc1OC,CHEMBL224,F,8.77,5-hydroxytryptamine receptor 2A,test,8.77,5.7867227,2.9832772999999992,2.9832772999999992,"(8.5, 9.0]"
COc1cc(C(C)(C)C)c(OC)cc1CCN,CHEMBL224,F,8.38,5-hydroxytryptamine receptor 2A,test,8.38,5.404163,2.975837000000001,2.975837000000001,"(8.0, 8.5]"
COc1ccc2[nH]cc(C(C)CN)c2c1,CHEMBL224,B,8.66,5-hydroxytryptamine receptor 2A,test,8.66,5.6847496,2.9752504,2.9752504,"(8.5, 9.0]"
COC(=O)C1C2CCC(CC1c1ccc(/C=C\Br)cc1)N2,CHEMBL228,B,10.4,Sodium-dependent serotonin transporter,test,10.4,7.4522586,2.9477414,2.9477414,"(10.0, 10.5]"
COc1cccc(CCc2ccccc2OC[C@H](O)CN(C)C)c1,CHEMBL224,B,9.045,5-hydroxytryptamine receptor 2A,test,9.045,6.130522,2.914478,2.914478,"(9.0, 9.5]"
COc1ccc(CCc2ccccc2OC[C@H](CN(C)C)OC(=O)CCC(=O)O)cc1,CHEMBL224,B,8.08,5-hydroxytryptamine receptor 2A,test,8.08,5.1751857,2.9048143,2.9048143,"(8.0, 8.5]"
C#CCSc1cc(OC)c(CCN)cc1OC,CHEMBL224,B,8.89,5-hydroxytryptamine receptor 2A,test,8.89,5.989197,2.9008030000000007,2.9008030000000007,"(8.5, 9.0]"
COc1cccc(CCc2ccccc2OC[C@@H](O)CN(C)C)c1,CHEMBL224,B,9.01,5-hydroxytryptamine receptor 2A,test,9.01,6.130522,2.8794779999999998,2.8794779999999998,"(9.0, 9.5]"
Cc1ccc([C@H]2C[C@@H]3CC[C@H]([C@H]2C=C(Br)Br)N3C)cc1,CHEMBL222,B,8.47,Sodium-dependent noradrenaline transporter,test,8.47,5.602264,2.8677360000000007,2.8677360000000007,"(8.0, 8.5]"
COc1cc([Se]C(F)(F)F)c(OC)cc1CCN,CHEMBL224,F,8.445,5-hydroxytryptamine receptor 2A,test,8.445,5.590477,2.8545230000000004,2.8545230000000004,"(8.0, 8.5]"
O=C(OCCF)C1C2CCC(CC1c1cccc(/C=C\Br)c1)N2,CHEMBL228,B,9.48,Sodium-dependent serotonin transporter,test,9.48,6.652848,2.8271520000000008,2.8271520000000008,"(9.0, 9.5]"
O=C(OCCF)C1C2CCC(CC1c1cccc(/C=C\I)c1)N2,CHEMBL228,B,9.37,Sodium-dependent serotonin transporter,test,9.37,6.543281,2.826718999999999,2.826718999999999,"(9.0, 9.5]"
CCCN1CCC(c2noc3cc(F)ccc23)CC1,CHEMBL228,B,4.53,Sodium-dependent serotonin transporter,test,4.53,7.348493,-2.818493,2.818493,"(4.5, 5.0]"
Cc1ccc([C@H]2C[C@@H]3CC[C@H]([C@H]2C=C(Br)Br)N3C)cc1,CHEMBL238,B,9.64,Sodium-dependent dopamine transporter,test,9.64,6.830341,2.809659000000001,2.809659000000001,"(9.5, 10.0]"
CC(C)CN(Cc1ccc(C(F)(F)F)cc1)C1CCNCC1,CHEMBL228,B,10.15,Sodium-dependent serotonin transporter,test,10.15,7.348367,2.8016330000000007,2.8016330000000007,"(10.0, 10.5]"
CNC(=O)c1ccccc1Sc1ccc(C)cc1[N+](=O)[O-],CHEMBL228,B,8.71,Sodium-dependent serotonin transporter,test,8.71,5.917026,2.792974000000001,2.792974000000001,"(8.5, 9.0]"
COCCCC/C(=N\OCCN)c1ccc(C(F)(F)F)cc1,CHEMBL228,B,8.41,Sodium-dependent serotonin transporter,test,8.41,5.6196723,2.7903276999999997,2.7903276999999997,"(8.0, 8.5]"
CCc1cc(Cl)c(OC)c(C(=O)NC[C@@H]2CCCN2CC)c1O,CHEMBL217,B,9.93,D(2) dopamine receptor,test,9.93,7.189284,2.740716,2.740716,"(9.5, 10.0]"
COc1cc(CN(C(=O)OCc2ccc(OC(C)C)cc2)C2CCN(C)CC2)ccc1Cl,CHEMBL224,B,6.8,5-hydroxytryptamine receptor 2A,test,6.8,9.528583,-2.7285829999999995,2.7285829999999995,"(6.5, 7.0]"
N[C@@H](Cc1c[nH]c2ccc(O)cc12)C(=O)O,CHEMBL224,F,8.72,5-hydroxytryptamine receptor 2A,test,8.72,5.997787,2.722213000000001,2.722213000000001,"(8.5, 9.0]"
CC(c1ccccc1Oc1ccc(Cl)c(Cl)c1)N(C)C,CHEMBL228,B,8.48,Sodium-dependent serotonin transporter,test,8.48,5.7643924,2.7156076000000002,2.7156076000000002,"(8.0, 8.5]"
COc1ccc2c(c1OC)-c1c(Br)ccc3c1[C@@H](C2)N(C)CC3,CHEMBL217,F,9.91,D(2) dopamine receptor,test,9.91,7.209668,2.7003320000000004,2.7003320000000004,"(9.5, 10.0]"
CN(C)[C@H]1CC[C@@H](c2c[nH]c3ccc(F)cc23)C1,CHEMBL224,B,4.55,5-hydroxytryptamine receptor 2A,test,4.55,7.2483497,-2.6983497000000005,2.6983497000000005,"(4.5, 5.0]"
CNC[C@@H](c1ccc2ccccc2c1)[C@@H](OCC(N)=O)c1ccccc1,CHEMBL222,B,6.63,Sodium-dependent noradrenaline transporter,test,6.63,9.317592,-2.6875919999999995,2.6875919999999995,"(6.5, 7.0]"
COC(=O)[C@@H]1C2CCC(C[C@@H]1c1ccc(SC)cc1)N2,CHEMBL228,B,9.72,Sodium-dependent serotonin transporter,test,9.72,7.033296,2.6867040000000006,2.6867040000000006,"(9.5, 10.0]"
CCc1ccc(Sc2ccccc2CN(C)C)c(N)c1,CHEMBL228,B,9.31,Sodium-dependent serotonin transporter,test,9.31,6.6382256,2.6717744000000003,2.6717744000000003,"(9.0, 9.5]"
COC(=O)C1C(c2ccc(O)c(O)c2)CC2CCC1N2C,CHEMBL238,B,6.15,Sodium-dependent dopamine transporter,test,6.15,8.81225,-2.6622500000000002,2.6622500000000002,"(6.0, 6.5]"
CN1[C@H]2CC[C@@H]1[C@@H](C=C(Br)Br)[C@@H](c1ccc(Cl)cc1)C2,CHEMBL222,B,8.46,Sodium-dependent noradrenaline transporter,test,8.46,5.8042912,2.655708800000001,2.655708800000001,"(8.0, 8.5]"
C=CCN1CCC[C@H]1CNC(=O)c1cccc(CCCF)c1,CHEMBL217,B,9.2,D(2) dopamine receptor,test,9.2,6.5746756,2.6253243999999993,2.6253243999999993,"(9.0, 9.5]"
CN(C)Cc1cc(OCCCO)ccc1Sc1ccc(Br)cc1N,CHEMBL228,B,9.68,Sodium-dependent serotonin transporter,test,9.68,7.0559716,2.6240283999999994,2.6240283999999994,"(9.5, 10.0]"
COC(=O)[C@@H]1C2CCC(C[C@@H]1c1cccc(/C=C/I)c1)N2,CHEMBL228,B,9.7,Sodium-dependent serotonin transporter,test,9.7,7.081192,2.6188079999999996,2.6188079999999996,"(9.5, 10.0]"
CN(C)Cc1ccccc1Sc1ccc(C(F)(F)F)cc1N,CHEMBL228,B,9.48,Sodium-dependent serotonin transporter,test,9.48,6.8821936,2.5978064000000005,2.5978064000000005,"(9.0, 9.5]"
CN(C)Cc1ccccc1Sc1ccc(Br)cc1CO,CHEMBL228,B,9.28,Sodium-dependent serotonin transporter,test,9.28,6.6919537,2.5880462999999994,2.5880462999999994,"(9.0, 9.5]"
COc1cc(OC)c(C2NCCc3c2[nH]c2ccc(O)cc32)cc1OC,CHEMBL224,F,8.41,5-hydroxytryptamine receptor 2A,test,8.41,5.8259416,2.5840584,2.5840584,"(8.0, 8.5]"
CCc1ccc([C@H]2C[C@@H]3CC[C@H]([C@H]2C(=O)OC)N3C)cc1,CHEMBL238,B,6.3,Sodium-dependent dopamine transporter,test,6.3,8.871963,-2.5719629999999993,2.5719629999999993,"(6.0, 6.5]"
CN(C)Cc1ccccc1Sc1ccc(Cl)cc1N,CHEMBL228,B,9.57,Sodium-dependent serotonin transporter,test,9.57,6.99857,2.5714300000000003,2.5714300000000003,"(9.5, 10.0]"
COc1ccc2[nH]cc(CCN(C)C)c2c1,CHEMBL224,F,8.73,5-hydroxytryptamine receptor 2A,test,8.73,6.165237,2.564763,2.564763,"(8.5, 9.0]"
CCCn1c(-c2ccccc2)cc(C(=O)NCCCN2CCN(c3cccc(Cl)c3Cl)CC2)c1C,CHEMBL217,B,5.43,D(2) dopamine receptor,test,5.43,7.974596,-2.5445960000000003,2.5445960000000003,"(5.0, 5.5]"
COc1cc(CCN)cc(OC)c1SC(F)(F)F,CHEMBL224,F,7.385,5-hydroxytryptamine receptor 2A,test,7.385,4.8413625,2.5436375,2.5436375,"(7.0, 7.5]"
COc1cc(SCC#N)c(OC)cc1CCN,CHEMBL224,F,8.21,5-hydroxytryptamine receptor 2A,test,8.21,5.6745124,2.5354876000000006,2.5354876000000006,"(8.0, 8.5]"
CCc1ccc([C@H]2C[C@@H]3CC[C@H]([C@H]2C(=O)OC)N3C)cc1I,CHEMBL238,B,6.47,Sodium-dependent dopamine transporter,test,6.47,9.002378,-2.5323780000000005,2.5323780000000005,"(6.0, 6.5]"
Oc1cccc(C2NCCc3c2[nH]c2ccccc32)c1,CHEMBL217,B,4.06,D(2) dopamine receptor,test,4.06,6.5866055,-2.5266055000000005,2.5266055000000005,"(4.0, 4.5]"
CN[C@H]1CC[C@@H](c2ccc(Cl)c(Cl)c2)c2ccccc21,CHEMBL228,B,9.63,Sodium-dependent serotonin transporter,test,9.63,7.127977,2.502023000000001,2.502023000000001,"(9.5, 10.0]"
N[C@H]1CC[C@H](c2ccc(Cl)c(Cl)c2)c2ccccc21,CHEMBL222,B,8.4,Sodium-dependent noradrenaline transporter,test,8.4,5.903908,2.496092,2.496092,"(8.0, 8.5]"
C=CCN1C[C@H](OCCCN)C[C@@H]1CNC(=O)c1cc(CCCF)cc(OC)c1OC,CHEMBL217,B,5.63,D(2) dopamine receptor,test,5.63,8.096177,-2.466177000000001,2.466177000000001,"(5.5, 6.0]"
O=C(OCCCF)C1C2CCC(CC1c1cccc(/C=C\I)c1)N2,CHEMBL228,B,9.59,Sodium-dependent serotonin transporter,test,9.59,7.1259584,2.4640416,2.4640416,"(9.5, 10.0]"
CSc1ccc(Oc2ccccc2CN(C)C)cc1,CHEMBL228,B,9.0,Sodium-dependent serotonin transporter,test,9.0,6.536448,2.463552,2.463552,"(8.5, 9.0]"
CC(N(C)C)C1(c2ccc(Cl)c(Cl)c2)CCCCC1,CHEMBL222,B,8.0,Sodium-dependent noradrenaline transporter,test,8.0,5.5401683,2.4598316999999996,2.4598316999999996,"(7.5, 8.0]"
CN(C)Cc1cc(NS(C)(=O)=O)ccc1Sc1ccc(C(F)(F)F)cc1,CHEMBL228,B,8.52,Sodium-dependent serotonin transporter,test,8.52,6.0672765,2.4527234999999994,2.4527234999999994,"(8.5, 9.0]"
NCCSCCCc1c[nH]c2ccc(F)cc12,CHEMBL228,B,9.05,Sodium-dependent serotonin transporter,test,9.05,6.6021132,2.447886800000001,2.447886800000001,"(9.0, 9.5]"
CNCCc1c[nH]c2cccc(O)c12,CHEMBL224,F,8.34,5-hydroxytryptamine receptor 2A,test,8.34,5.894237,2.4457629999999995,2.4457629999999995,"(8.0, 8.5]"
CN(C)Cc1ccccc1Sc1cccc(Cl)c1,CHEMBL238,B,7.44,Sodium-dependent dopamine transporter,test,7.44,4.9943385,2.445661500000001,2.445661500000001,"(7.0, 7.5]"
CC(C)COc1ccc(COC(=O)N(Cc2ccc(F)cc2F)C2CCN(C)CC2)cc1,CHEMBL224,B,7.6,5-hydroxytryptamine receptor 2A,test,7.6,10.028585,-2.428585,2.428585,"(7.5, 8.0]"
CCN(CC)CCc1c[nH]c2ccc(OC)cc12,CHEMBL214,B,8.77,5-hydroxytryptamine receptor 1A,test,8.77,6.346468,2.423532,2.423532,"(8.5, 9.0]"
NC[C@H]1Cc2ccccc2[C@H](c2ccc(Cl)c(Cl)c2)C1,CHEMBL228,B,9.0,Sodium-dependent serotonin transporter,test,9.0,6.581943,2.418057,2.418057,"(8.5, 9.0]"
COC(=O)[C@H]1[C@@H](c2cc(I)c(OC)c(I)c2)C[C@H]2CC[C@H]1N2C,CHEMBL238,B,5.89,Sodium-dependent dopamine transporter,test,5.89,8.307542,-2.417542,2.417542,"(5.5, 6.0]"
COC(=O)[C@H]1[C@@H](c2ccc(C(C)C)cc2)C[C@@H]2CC[C@H]1N2C,CHEMBL238,B,6.3,Sodium-dependent dopamine transporter,test,6.3,8.708248,-2.4082479999999995,2.4082479999999995,"(6.0, 6.5]"
CNC(C)c1ccc(Cl)cc1Oc1ccc(C)cc1,CHEMBL224,B,8.45,5-hydroxytryptamine receptor 2A,test,8.45,6.0479894,2.4020105999999997,2.4020105999999997,"(8.0, 8.5]"
NCCc1ccccc1Cc1ccccc1,CHEMBL224,B,5.74,5-hydroxytryptamine receptor 2A,test,5.74,8.140143,-2.400143,2.400143,"(5.5, 6.0]"
CCCN1CCc2cccc3c2[C@H]1Cc1ccc(OC(C)=O)c(OC(C)=O)c1-3,CHEMBL217,B,8.2,D(2) dopamine receptor,test,8.2,5.803082,2.3969179999999994,2.3969179999999994,"(8.0, 8.5]"
Cc1c(C(=O)NCCCN2CCN(c3cccc(Cl)c3Cl)CC2)cc(-c2ccccc2)n1C,CHEMBL217,B,5.59,D(2) dopamine receptor,test,5.59,7.9790716,-2.3890716000000003,2.3890716000000003,"(5.5, 6.0]"
COc1cc(SC(F)(F)F)c(OC)cc1CCN,CHEMBL224,B,9.46,5-hydroxytryptamine receptor 2A,test,9.46,7.0716176,2.388382400000001,2.388382400000001,"(9.0, 9.5]"
COc1ccccc1N1CCN(CCCNC(=O)OC(C)(C)C)CC1,CHEMBL217,B,8.605,D(2) dopamine receptor,test,8.605,6.2166734,2.3883266,2.3883266,"(8.5, 9.0]"
CCCN1CC[C@H]2c3c(cccc3OC)CC[C@@H]21,CHEMBL214,B,9.7,5-hydroxytryptamine receptor 1A,test,9.7,7.3327036,2.367296399999999,2.367296399999999,"(9.5, 10.0]"
C=CCN(CC=C)CCc1c[nH]c2ccc(OC)cc12,CHEMBL224,F,8.055,5-hydroxytryptamine receptor 2A,test,8.055,5.6877522,2.3672477999999995,2.3672477999999995,"(8.0, 8.5]"
O=C(OCCF)[C@H]1[C@@H](c2ccc(I)cc2)C[C@@H]2CC[C@H]1N2C/C=C/I,CHEMBL228,B,8.62,Sodium-dependent serotonin transporter,test,8.62,6.2571864,2.362813599999999,2.362813599999999,"(8.5, 9.0]"
COc1cc(C(F)(F)F)c(OC)cc1[C@@H]1CCCNC1,CHEMBL224,F,8.49,5-hydroxytryptamine receptor 2A,test,8.49,6.1300635,2.3599365,2.3599365,"(8.0, 8.5]"
COC(=O)C1C(c2ccc(/C=C\Br)cc2)CC2CCC1N2C,CHEMBL228,B,10.1,Sodium-dependent serotonin transporter,test,10.1,7.7404695,2.3595305,2.3595305,"(10.0, 10.5]"
CCCN(CC)CCc1c[nH]c2ccc(F)cc12,CHEMBL224,F,8.26,5-hydroxytryptamine receptor 2A,test,8.26,5.912337,2.347663,2.347663,"(8.0, 8.5]"
N=C(N)N/N=C/c1c[nH]c2ccc(O)cc12,CHEMBL214,F,7.23,5-hydroxytryptamine receptor 1A,test,7.23,4.8875504,2.3424496,2.3424496,"(7.0, 7.5]"
NCCCC1(CCCN)CCc2cccc(O)c2C1,CHEMBL224,B,5.0,5-hydroxytryptamine receptor 2A,test,5.0,7.336431,-2.336431,2.336431,"(4.5, 5.0]"
CCCc1ccc([C@H]2C[C@@H]3CC[C@H]([C@H]2C(=O)OC)N3C)cc1I,CHEMBL238,B,6.3,Sodium-dependent dopamine transporter,test,6.3,8.635175,-2.3351750000000004,2.3351750000000004,"(6.0, 6.5]"
CNC[C@H](O)[C@H](c1ccccc1)n1ccc2cc(Cl)ccc21,CHEMBL228,B,8.0,Sodium-dependent serotonin transporter,test,8.0,5.6668944,2.3331055999999997,2.3331055999999997,"(7.5, 8.0]"
C=CCN1CCC[C@H]1CNC(=O)c1cc(I)cc(OC)c1OC,CHEMBL217,B,9.15,D(2) dopamine receptor,test,9.15,6.8181796,2.3318204000000007,2.3318204000000007,"(9.0, 9.5]"
COc1ccc(C2NCCc3c2[nH]c2ccc(F)cc32)c(O)c1,CHEMBL224,F,8.495000000000001,5-hydroxytryptamine receptor 2A,test,8.495,6.164763,2.3302369999999994,2.3302369999999994,"(8.0, 8.5]"
COC(=O)[C@@H]1C2CCC(C[C@@H]1c1cccc(/C=C/Br)c1)N2,CHEMBL228,B,9.7,Sodium-dependent serotonin transporter,test,9.7,7.3814588,2.3185411999999994,2.3185411999999994,"(9.5, 10.0]"
COC(=O)[C@H]1[C@@H](c2ccc(C(C)C)c(I)c2)C[C@@H]2CC[C@H]1N2C,CHEMBL238,B,6.3,Sodium-dependent dopamine transporter,test,6.3,8.6166115,-2.3166114999999996,2.3166114999999996,"(6.0, 6.5]"
CNC[C@H](c1ccc2ccccc2c1)[C@@H](O)c1cc(F)cc(F)c1,CHEMBL228,B,6.53,Sodium-dependent serotonin transporter,test,6.53,8.842649,-2.3126489999999995,2.3126489999999995,"(6.5, 7.0]"
C=C(CCC(=O)OCC)Cc1ccc(O[Si](C)(C)C(C)(C)C)c(OC)c1,CHEMBL217,B,6.95,D(2) dopamine receptor,test,6.95,4.6380005,2.3119994999999998,2.3119994999999998,"(6.5, 7.0]"
CCCCc1ccc([C@H]2C[C@@H]3CC[C@H]([C@H]2C(=O)OC)N3C)cc1,CHEMBL238,B,6.3,Sodium-dependent dopamine transporter,test,6.3,8.611627,-2.3116270000000005,2.3116270000000005,"(6.0, 6.5]"
O=S(=O)(NC1CCN(CCOc2ccc(Br)cc2)CC1)c1ccccc1,CHEMBL214,B,4.28,5-hydroxytryptamine receptor 1A,test,4.28,6.5891824,-2.3091824,2.3091824,"(4.0, 4.5]"
COc1cc2c(cc1O)CN1CCc3cc(OC)c(O)cc3[C@@H]1C2,CHEMBL217,F,4.25,D(2) dopamine receptor,test,4.25,6.558762,-2.3087619999999998,2.3087619999999998,"(4.0, 4.5]"
C=CCN1CC[C@H]2c3c(cccc3OC)CC[C@@H]21,CHEMBL214,B,9.7,5-hydroxytryptamine receptor 1A,test,9.7,7.3938427,2.306157299999999,2.306157299999999,"(9.5, 10.0]"
CCN1CCC[C@H]1CNC(=O)c1cc([N+](=O)[O-])cc(O)c1OC,CHEMBL217,F,5.52,D(2) dopamine receptor,test,5.52,7.816271,-2.296271000000001,2.296271000000001,"(5.5, 6.0]"
O=C(CCCN1CCC(O)(c2ccc(Cl)cc2)CC1)c1ccc(F)cc1,CHEMBL238,B,5.1,Sodium-dependent dopamine transporter,test,5.1,7.389779,-2.2897790000000002,2.2897790000000002,"(5.0, 5.5]"
CN(C)[C@H]1Cc2ccccc2[C@H](c2ccc([N+](=O)[O-])cc2)C1,CHEMBL224,B,5.09,5-hydroxytryptamine receptor 2A,test,5.09,7.3790927,-2.2890927000000003,2.2890927000000003,"(5.0, 5.5]"
COC(=O)[C@H]1C2CCC(C[C@@H]1c1ccc(F)cc1)N2C,CHEMBL238,B,6.49,Sodium-dependent dopamine transporter,test,6.49,8.777766,-2.2877659999999995,2.2877659999999995,"(6.0, 6.5]"
CN[C@H]1CC[C@@H](c2ccc(Cl)c(Cl)c2)c2ccccc21,CHEMBL214,F,4.92,5-hydroxytryptamine receptor 1A,test,4.92,7.207691,-2.2876909999999997,2.2876909999999997,"(4.5, 5.0]"
CN1[C@H]2CC[C@@H]1[C@@H](C=C(Br)Br)[C@@H](c1ccc(Cl)cc1)C2,CHEMBL238,B,9.49,Sodium-dependent dopamine transporter,test,9.49,7.2035947,2.2864053,2.2864053,"(9.0, 9.5]"
CCCCc1ccc([C@H]2C[C@@H]3CC[C@H]([C@H]2C(=O)OC)N3C)cc1I,CHEMBL238,B,6.43,Sodium-dependent dopamine transporter,test,6.43,8.716004,-2.286004,2.286004,"(6.0, 6.5]"
CC(C)(C)CCCCCCOc1ccc2[nH]cc(CCN)c2c1,CHEMBL214,B,6.04,5-hydroxytryptamine receptor 1A,test,6.04,8.322116,-2.2821159999999994,2.2821159999999994,"(6.0, 6.5]"
O=C(OCCCF)C1C2CCC(CC1c1cccc(/C=C\Br)c1)N2,CHEMBL228,B,9.48,Sodium-dependent serotonin transporter,test,9.48,7.2100286,2.2699714,2.2699714,"(9.0, 9.5]"
C[C@@H](N)Cn1ccc2c(Cl)c(F)ccc21,CHEMBL224,B,8.0,5-hydroxytryptamine receptor 2A,test,8.0,5.736728,2.2632719999999997,2.2632719999999997,"(7.5, 8.0]"
NCC[C@@H]1Cc2ccccc2[C@H](c2ccc(Cl)c(Cl)c2)C1,CHEMBL228,B,9.0,Sodium-dependent serotonin transporter,test,9.0,6.7380977,2.2619023,2.2619023,"(8.5, 9.0]"
CN(CC(=O)NC(C)(C)C)C(=O)CCCN1CCN(c2cccc(Cl)c2Cl)CC1,CHEMBL217,B,5.81,D(2) dopamine receptor,test,5.81,8.071408,-2.2614080000000003,2.2614080000000003,"(5.5, 6.0]"
CC(N(C)C)C1(c2ccc(OC(F)(F)F)cc2)CCCCC1,CHEMBL228,B,7.705,Sodium-dependent serotonin transporter,test,7.705,5.4462495,2.2587504999999997,2.2587504999999997,"(7.5, 8.0]"
CN(C)CCOC(c1ccccc1)c1ccc(Br)cc1,CHEMBL214,B,4.65,5-hydroxytryptamine receptor 1A,test,4.65,6.908172,-2.258172,2.258172,"(4.5, 5.0]"
CN(C)Cc1cc(OCCCF)ccc1Sc1ccccc1N,CHEMBL228,B,8.85,Sodium-dependent serotonin transporter,test,8.85,6.5933533,2.2566466999999992,2.2566466999999992,"(8.5, 9.0]"
CSc1ccc(Sc2ccc(NS(C)(=O)=O)cc2CN(C)C)cc1,CHEMBL228,B,8.52,Sodium-dependent serotonin transporter,test,8.52,6.276177,2.243823,2.243823,"(8.5, 9.0]"
COC(=O)[C@@H]1C2CCC(C[C@@H]1c1ccc(I)cc1)N2C/C=C/CF,CHEMBL228,B,8.66,Sodium-dependent serotonin transporter,test,8.66,6.416407,2.2435929999999997,2.2435929999999997,"(8.5, 9.0]"
CC(C)CCCCCCOc1ccc2[nH]cc(CCN)c2c1,CHEMBL214,B,5.93,5-hydroxytryptamine receptor 1A,test,5.93,8.152995,-2.222995000000001,2.222995000000001,"(5.5, 6.0]"
CN(C)Cc1cc(OCCCF)ccc1Sc1ccc(F)cc1N,CHEMBL228,B,9.02,Sodium-dependent serotonin transporter,test,9.02,6.804443,2.2155569999999996,2.2155569999999996,"(9.0, 9.5]"
CCSc1ccc([C@H]2CC3CCC(N3)[C@H]2C(=O)OC)cc1,CHEMBL228,B,8.9,Sodium-dependent serotonin transporter,test,8.9,6.6926284,2.2073716,2.2073716,"(8.5, 9.0]"
COc1cc(C(F)(F)F)c(OC)cc1[C@@H]1CCCNC1,CHEMBL224,B,8.89,5-hydroxytryptamine receptor 2A,test,8.89,6.6878743,2.2021257000000007,2.2021257000000007,"(8.5, 9.0]"
CN1Cc2c(N)cccc2C(c2ccccc2)C1,CHEMBL224,F,4.82,5-hydroxytryptamine receptor 2A,test,4.82,7.0217075,-2.2017074999999995,2.2017074999999995,"(4.5, 5.0]"
COCCCC/C(=N\OCCN)c1ccc(Cl)c(Cl)c1,CHEMBL228,B,8.05,Sodium-dependent serotonin transporter,test,8.05,5.854261,2.1957390000000006,2.1957390000000006,"(8.0, 8.5]"
CN(C)Cc1cc(OCCCO)ccc1Sc1ccccc1N,CHEMBL228,B,8.89,Sodium-dependent serotonin transporter,test,8.89,6.694885,2.1951150000000004,2.1951150000000004,"(8.5, 9.0]"
CCN1CCC[C@H]1CNC(=O)c1c(OC)c(O)cc(I)c1OC,CHEMBL217,F,9.54,D(2) dopamine receptor,test,9.54,7.355776,2.1842239999999995,2.1842239999999995,"(9.5, 10.0]"
COc1cc(S(=O)(=O)C(F)(F)F)c(OC)cc1CCN,CHEMBL224,B,8.72,5-hydroxytryptamine receptor 2A,test,8.72,6.537374,2.182626000000001,2.182626000000001,"(8.5, 9.0]"
CCCCCCCCCCc1ccc2[nH]cc(CCN)c2c1,CHEMBL214,B,5.64,5-hydroxytryptamine receptor 1A,test,5.64,7.8219547,-2.1819547000000004,2.1819547000000004,"(5.5, 6.0]"
CC(N(C)C)C1(c2ccc(Cl)c(Cl)c2)CCCCC1,CHEMBL228,B,7.82,Sodium-dependent serotonin transporter,test,7.82,5.6447167,2.1752833000000003,2.1752833000000003,"(7.5, 8.0]"
C#CCCCSc1cc(OC)c(CCN)cc1OC,CHEMBL224,B,8.64,5-hydroxytryptamine receptor 2A,test,8.64,6.465379,2.174621,2.174621,"(8.5, 9.0]"
CN(C)CC(C)(c1ccc2ccccc2c1)C(O)c1ccccc1,CHEMBL228,B,8.57,Sodium-dependent serotonin transporter,test,8.57,6.3967943,2.1732057000000005,2.1732057000000005,"(8.5, 9.0]"
COc1ccc2[nH]cc(CCN)c2c1,CHEMBL224,F,9.3,5-hydroxytryptamine receptor 2A,test,9.3,7.127992,2.172008000000001,2.172008000000001,"(9.0, 9.5]"
COC(=O)C1C(c2ccc(/C=C\I)cc2)CC2CCC1N2C,CHEMBL228,B,9.96,Sodium-dependent serotonin transporter,test,9.96,7.789459,2.170541000000001,2.170541000000001,"(9.5, 10.0]"
COC(=O)C1C2CC[C@H](C[C@@H]1c1ccc(Cl)c(C)c1)N2C,CHEMBL222,B,9.1,Sodium-dependent noradrenaline transporter,test,9.1,6.9303927,2.1696073,2.1696073,"(9.0, 9.5]"
Cc1ccc(Cl)c2c1[C@@H]1CNCCN1C2=O,CHEMBL224,B,5.4,5-hydroxytryptamine receptor 2A,test,5.4,7.564733,-2.164733,2.164733,"(5.0, 5.5]"
COc1cc2c3c(c1OC)-c1cc(O)ccc1C[C@H]3NCC2,CHEMBL217,F,5.28,D(2) dopamine receptor,test,5.28,7.4442787,-2.1642786999999997,2.1642786999999997,"(5.0, 5.5]"
CNC[C@@H](c1ccc2ccccc2c1)[C@H](O)c1cc(F)cc(F)c1,CHEMBL228,B,6.68,Sodium-dependent serotonin transporter,test,6.68,8.842649,-2.162649,2.162649,"(6.5, 7.0]"
CC(C)CN(Cc1cccc(C(F)(F)F)c1)C1CCNCC1,CHEMBL228,B,9.59,Sodium-dependent serotonin transporter,test,9.59,7.4274077,2.1625923,2.1625923,"(9.5, 10.0]"
NCCc1ccccc1,CHEMBL224,B,4.78,5-hydroxytryptamine receptor 2A,test,4.78,6.9348927,-2.1548926999999996,2.1548926999999996,"(4.5, 5.0]"
CN(C)Cc1cc(OCCO)ccc1Sc1ccccc1N,CHEMBL228,B,8.96,Sodium-dependent serotonin transporter,test,8.96,6.8074107,2.1525893000000007,2.1525893000000007,"(8.5, 9.0]"
Cc1cc(C)c([C@H](O)[C@@H](CN(C)C)c2ccccc2)c(C)c1,CHEMBL228,B,8.07,Sodium-dependent serotonin transporter,test,8.07,5.9179196,2.1520804,2.1520804,"(8.0, 8.5]"
COC(=O)[C@H]1C(c2ccc(Cl)c(Cl)c2)CC2C[C@@H](O)[C@H]1N2C,CHEMBL238,B,5.945,Sodium-dependent dopamine transporter,test,5.945,8.095201,-2.150200999999999,2.150200999999999,"(5.5, 6.0]"
CCCN1CCC[C@H]1CNC(=O)c1c(O)c(CC)cc(Cl)c1OC,CHEMBL217,B,9.16,D(2) dopamine receptor,test,9.16,7.0192657,2.1407343,2.1407343,"(9.0, 9.5]"
CCCCCCCCCCCOc1ccc2[nH]cc(CCN)c2c1,CHEMBL214,B,6.05,5-hydroxytryptamine receptor 1A,test,6.05,8.18978,-2.139780000000001,2.139780000000001,"(6.0, 6.5]"
Cc1ccc(Sc2ccccc2N2CCNCC2)c(C)c1,CHEMBL228,B,8.535,Sodium-dependent serotonin transporter,test,8.535,6.395508,2.1394919999999997,2.1394919999999997,"(8.5, 9.0]"
CSc1ccc(Sc2ccc(N(C)S(C)(=O)=O)cc2CN(C)C)cc1,CHEMBL222,B,7.16,Sodium-dependent noradrenaline transporter,test,7.16,5.033003,2.1269970000000002,2.1269970000000002,"(7.0, 7.5]"
COc1ccc2[nH]cc(CN3CCC(O)(c4ccc(SC)cc4)CC3)c2c1,CHEMBL217,B,8.26,D(2) dopamine receptor,test,8.26,6.1336675,2.1263325,2.1263325,"(8.0, 8.5]"
CN(C)Cc1cc(Br)ccc1Sc1ccc(CO)cc1N,CHEMBL228,B,9.54,Sodium-dependent serotonin transporter,test,9.54,7.418985,2.121014999999999,2.121014999999999,"(9.5, 10.0]"
CNCc1ccc(Cl)cc1Oc1ccc(Cl)c(C)c1,CHEMBL228,B,8.37,Sodium-dependent serotonin transporter,test,8.37,6.2505355,2.1194644999999994,2.1194644999999994,"(8.0, 8.5]"
CN1[C@@H]2CC[C@H]1C[C@@H](OC(c1ccccc1)c1ccccc1)C2,CHEMBL224,B,7.890000000000001,5-hydroxytryptamine receptor 2A,test,7.89,5.771168,2.1188319999999994,2.1188319999999994,"(7.5, 8.0]"
NC[C@@H]1Cc2ccccc2[C@H](c2ccc(Cl)c(Cl)c2)C1,CHEMBL228,B,8.7,Sodium-dependent serotonin transporter,test,8.7,6.581943,2.1180569999999994,2.1180569999999994,"(8.5, 9.0]"
CCc1ccc(Sc2ccccc2CNC)c(N)c1,CHEMBL228,B,8.69,Sodium-dependent serotonin transporter,test,8.69,6.5759163,2.1140836999999992,2.1140836999999992,"(8.5, 9.0]"
CNCc1cnc(C)cc1Oc1ccc(Cl)cc1OC,CHEMBL228,B,8.4,Sodium-dependent serotonin transporter,test,8.4,6.2866807,2.1133193000000006,2.1133193000000006,"(8.0, 8.5]"
CN1CCc2cccc3c2[C@H]1Cc1ccc(O)c(O)c1-3,CHEMBL228,B,4.66,Sodium-dependent serotonin transporter,test,4.66,6.772923,-2.1129229999999994,2.1129229999999994,"(4.5, 5.0]"
C[C@H](N)Cn1ccc2cc(F)c(Cl)cc21,CHEMBL224,F,7.3,5-hydroxytryptamine receptor 2A,test,7.3,5.1952205,2.1047795000000002,2.1047795000000002,"(7.0, 7.5]"
COc1cc2c(cc1O)[C@@H]1Cc3ccc(O)c(OC)c3CN1CC2,CHEMBL217,F,5.36,D(2) dopamine receptor,test,5.36,7.458521,-2.098521,2.098521,"(5.0, 5.5]"
Cc1ccc(O)c([C@H](CCN(C(C)C)C(C)C)c2ccccc2)c1,CHEMBL228,B,4.69,Sodium-dependent serotonin transporter,test,4.69,6.788468,-2.0984679999999996,2.0984679999999996,"(4.5, 5.0]"
CCCN(CCC)[C@H]1CCc2c(F)ccc(O)c2C1,CHEMBL217,B,5.42,D(2) dopamine receptor,test,5.42,7.516208,-2.096208,2.096208,"(5.0, 5.5]"
COC(=O)[C@@H]1C2CCC(C[C@@H]1c1ccc(Br)cc1)N2C/C=C/CF,CHEMBL238,B,9.4,Sodium-dependent dopamine transporter,test,9.4,7.3206506,2.079349400000001,2.079349400000001,"(9.0, 9.5]"
COC(=O)[C@H]1[C@@H](c2ccc(Br)cc2)C[C@@H]2CC[C@H]1N2C/C=C/CF,CHEMBL238,B,9.4,Sodium-dependent dopamine transporter,test,9.4,7.3206506,2.079349400000001,2.079349400000001,"(9.0, 9.5]"
CCCCCNC(=N)N/N=C/c1c[nH]c2ccc(O)cc12,CHEMBL214,F,7.39,5-hydroxytryptamine receptor 1A,test,7.39,5.3119187,2.0780813,2.0780813,"(7.0, 7.5]"
COc1cc(S(=O)(=O)CF)c(OC)cc1CCN,CHEMBL224,B,8.225000000000001,5-hydroxytryptamine receptor 2A,test,8.225,6.1513305,2.0736694999999994,2.0736694999999994,"(8.0, 8.5]"
CN(C)Cc1ccccc1Oc1ccc(Cl)c(Cl)c1,CHEMBL228,B,8.71,Sodium-dependent serotonin transporter,test,8.71,6.642672,2.0673280000000007,2.0673280000000007,"(8.5, 9.0]"
CN1CCc2cccc3c2[C@H]1Cc1ccc(O)c(O)c1-3,CHEMBL214,F,5.28,5-hydroxytryptamine receptor 1A,test,5.28,7.3402605,-2.0602605,2.0602605,"(5.0, 5.5]"
CNC[C@@H](O)[C@H](c1cccc(F)c1)n1cc(C)c2ccccc21,CHEMBL222,B,8.4,Sodium-dependent noradrenaline transporter,test,8.4,6.344932,2.0550680000000003,2.0550680000000003,"(8.0, 8.5]"
CNC[C@H](O)c1cccc(O)c1,CHEMBL238,B,4.53,Sodium-dependent dopamine transporter,test,4.53,6.5761237,-2.0461237,2.0461237,"(4.5, 5.0]"
CN1C2CCC1[C@@H](/C=C/Cl)[C@@H](c1ccc(Cl)cc1)C2,CHEMBL238,B,9.29,Sodium-dependent dopamine transporter,test,9.29,7.248487,2.0415129999999992,2.0415129999999992,"(9.0, 9.5]"
CCc1ccc(Cl)c2c1[C@@H]1CNCCN1C2=O,CHEMBL224,B,5.62,5-hydroxytryptamine receptor 2A,test,5.62,7.6563883,-2.0363882999999996,2.0363882999999996,"(5.5, 6.0]"
COC(=O)[C@H]1[C@@H](c2ccc(Cl)c(C)c2)C[C@@H]2CC[C@H]1N2C,CHEMBL222,B,8.96,Sodium-dependent noradrenaline transporter,test,8.96,6.9303927,2.0296073000000012,2.0296073000000012,"(8.5, 9.0]"
C=CCN1CCCC1CNC(=O)c1cc(S(N)(=O)=O)cc(OC)c1OC,CHEMBL228,B,4.6,Sodium-dependent serotonin transporter,test,4.6,6.62653,-2.02653,2.02653,"(4.5, 5.0]"
CCCc1ccc([C@H]2C[C@@H]3CC[C@H]([C@H]2C(=O)OC)N3C)cc1,CHEMBL238,B,6.3,Sodium-dependent dopamine transporter,test,6.3,8.3264265,-2.0264265000000004,2.0264265000000004,"(6.0, 6.5]"
COCCCC/C(=N\OCCN)c1ccc(I)cc1,CHEMBL228,B,7.82,Sodium-dependent serotonin transporter,test,7.82,5.7944894,2.0255106000000005,2.0255106000000005,"(7.5, 8.0]"
C[C@@H]1NCCN2C(=O)c3c(cccc3C(F)(F)F)[C@H]12,CHEMBL224,F,7.11,5-hydroxytryptamine receptor 2A,test,7.11,5.0855107,2.0244893,2.0244893,"(7.0, 7.5]"
CC(C)CN(Cc1ccc(C#N)cc1)C1CCNCC1,CHEMBL228,B,9.55,Sodium-dependent serotonin transporter,test,9.55,7.5263495,2.0236505000000005,2.0236505000000005,"(9.5, 10.0]"
CNCc1ccc(Cl)cc1Oc1ccc(C)cc1,CHEMBL224,B,8.93,5-hydroxytryptamine receptor 2A,test,8.93,6.908364,2.021636,2.021636,"(8.5, 9.0]"
COC(=O)[C@H]1C2CCC(C[C@@H]1c1ccc(I)cc1)N2C,CHEMBL238,B,7.64,Sodium-dependent dopamine transporter,test,7.64,9.660734,-2.020734,2.020734,"(7.5, 8.0]"
NCCc1c[nH]c2ccc(C(N)=O)cc12,CHEMBL222,B,5.58,Sodium-dependent noradrenaline transporter,test,5.58,7.600085,-2.020085,2.020085,"(5.5, 6.0]"
COC(=O)C1C(c2ccc(C=C(Br)Br)cc2)CC2CCC1N2C,CHEMBL228,B,8.87,Sodium-dependent serotonin transporter,test,8.87,6.8511586,2.0188413999999995,2.0188413999999995,"(8.5, 9.0]"
COC(=O)[C@H]1[C@@H](c2ccc(I)cc2)C[C@@H]2CC[C@H]1N2C/C=C/I,CHEMBL228,B,8.82,Sodium-dependent serotonin transporter,test,8.82,6.8011937,2.0188063000000005,2.0188063000000005,"(8.5, 9.0]"
COC[C@H]1[C@@H](c2ccc(Cl)c(Cl)c2)C[C@@H]2CC[C@H]1N2C,CHEMBL222,B,8.7,Sodium-dependent noradrenaline transporter,test,8.7,6.6822557,2.0177442999999995,2.0177442999999995,"(8.5, 9.0]"
CN(C)CCCc1c[nH]c2ccc(Cl)cc12,CHEMBL228,F,8.15,Sodium-dependent serotonin transporter,test,8.15,6.140225,2.0097750000000003,2.0097750000000003,"(8.0, 8.5]"
COc1ccccc1O[C@@H](c1ccccc1)[C@H]1CCNC1,CHEMBL222,B,9.4,Sodium-dependent noradrenaline transporter,test,9.4,7.3902726,2.0097274,2.0097274,"(9.0, 9.5]"
CNC[C@@H](c1ccc2ccccc2c1)[C@@H](O)c1ccccc1,CHEMBL228,B,6.68,Sodium-dependent serotonin transporter,test,6.68,8.685081,-2.0050810000000006,2.0050810000000006,"(6.5, 7.0]"
CN(C)Cc1cc(OCCO)ccc1Sc1ccc(F)cc1N,CHEMBL228,B,8.92,Sodium-dependent serotonin transporter,test,8.92,6.915063,2.004937,2.004937,"(8.5, 9.0]"
CN(C)Cc1cc(I)ccc1Sc1ccc(CO)cc1N,CHEMBL228,B,9.51,Sodium-dependent serotonin transporter,test,9.51,7.508335,2.001665,2.001665,"(9.5, 10.0]"
